{"WOOUSDT": [[1707080400.0, 0.84244, 1714093200.0, 0.34505, true], [1707912000.0, 0.59683, 1713657600.0, 0.19084, true]], "1000BONKUSDT": [[1707566400.0, 0.052542, 1715122800.0, 0.010937, true], [1707742800.0, 0.044073, 1713772800.0, 0.010937, true]], "ACHUSDT": [[1705705200.0, 0.056537, 1714089600.0, 0.016542, true], [1709434800.0, 0.056537, 1715796000.0, 0.026233, true]], "CHZUSDT": [[1707915600.0, 0.1526, 1711216800.0, 0.17723, true], [1707696000.0, 0.12801, 1714309200.0, 0.17723, true], [1705881600.0, 0.07957, 1715385600.0, 0.15013, true], [1708592400.0, 0.06268, 1715328000.0, 0.11308, true]], "STEEMUSDT": [[1703721600.0, 0.49939, 1715479200.0, 0.33023, true], [1700481600.0, 0.39901, 1713092400.0, 0.22101, true]], "ONGUSDT": [[1712782800.0, 0.25297, 1715032800.0, 0.88856, true], [1711846800.0, 0.25297, 1714096800.0, 0.88856, true]], "BNXUSDT": [[1708790400.0, 0.6653, 1715533200.0, 1.201, true], [1707573600.0, 0.1373, 1714950000.0, 0.7248, true]], "ATAUSDT": [[1706760000.0, 0.0795, 1715925600.0, 0.2125, true], [1704729600.0, 0.1494, 1715554800.0, 0.3068, true]], "MAVIAUSDT": [[1710122400.0, 0.8398, 1715961600.0, 4.0033, true]]}